<?xml version="1.0" encoding="utf-8"?>
<root>
	<!-- OPTIONS -->
	<string name="option_header_height_indicator">Token Height Indicator</string>
	<string name="option_label_allow_player_mod">Players can change height?</string>
	<string name="option_label_height_position">Location of indicator</string>
	<string name="option_label_variant_diagonals">Variant diagonal style</string>
	<string name="option_label_font">Font Size</string>
	<string name="option_label_font_color">Font Color</string>		
		
	<!-- VALUES -->
	<string name="option_val_yes">yes</string>
	<string name="option_val_no">no</string>
	<string name="option_val_top">top</string>
	<string name="option_val_top_right">top right</string>
	<string name="option_val_right">right</string>
	<string name="option_val_bottom_right">bottom right</string>
	<string name="option_val_bottom">bottom</string>
	<string name="option_val_bottom_left">bottom left</string>
	<string name="option_val_left">left</string>
	<string name="option_val_top_left">top left</string>
	
	<string name="option_val_medium">medium</string>
	<string name="option_val_large">large</string>

	<string name="option_val_dark">dark</string>
	<string name="option_val_medium">medium</string>
	<string name="option_val_light">light</string>
	
	<string name="option_val_short">short</string>
	<string name="option_val_long">long</string>
</root>